{
    "rounds": [
        1,
        2,
        3,
        4,
        5,
        6,
        7,
        8,
        9,
        10,
        11,
        12,
        13,
        14,
        15,
        16,
        17,
        18,
        19,
        20
    ],
    "accuracy": [
        75.2,
        82.19999999999999,
        87.1,
        90.8,
        92.9,
        93.8,
        94.6,
        95.3,
        95.7,
        96.7,
        96.2,
        96.5,
        96.8,
        97.39999999999999,
        97.39999999999999,
        97.5,
        97.5,
        97.5,
        97.7,
        97.8
    ],
    "f1": [
        0.7061552611897366,
        0.7868967188449077,
        0.847306238670267,
        0.8913830832066519,
        0.9159524461608913,
        0.9263472960347588,
        0.9347752769341074,
        0.945072445327269,
        0.9502122012938814,
        0.9609874902047797,
        0.9572476980046944,
        0.9603937981662033,
        0.9633873359308398,
        0.9694830317211175,
        0.9690563143899811,
        0.972853773059095,
        0.9726582284072481,
        0.9731813387889887,
        0.9752091571834909,
        0.9765359097479788
    ],
    "enc_time": [
        8.569860458374023,
        0.8296012878417969,
        0.5033016204833984,
        0.6131172180175781,
        0.5012989044189453,
        0.1751422882080078,
        0.20008087158203125,
        0.32329559326171875,
        0.0,
        0.20418167114257812,
        0.5026817321777344,
        0.40225982666015625,
        0.41098594665527344,
        0.4940509796142578,
        0.11048316955566406,
        0.5161285400390625,
        0.5019187927246094,
        0.2017498016357422,
        0.0,
        0.0
    ],
    "dec_time": [
        0.30269622802734375,
        0.41179656982421875,
        0.06356239318847656,
        0.10929107666015625,
        0.3298759460449219,
        0.4044532775878906,
        0.22611618041992188,
        0.0,
        0.4017353057861328,
        0.12083053588867188,
        0.1010894775390625,
        0.0,
        0.5243778228759766,
        0.20127296447753906,
        0.3216266632080078,
        0.4027366638183594,
        0.10104179382324219,
        0.1999378204345703,
        0.0,
        0.6023406982421875
    ],
    "data_enc_time": [
        0.30875205993652344,
        0.20189285278320312,
        0.0,
        0.371551513671875,
        0.22597312927246094,
        0.0,
        0.1998424530029297,
        0.0,
        0.10056495666503906,
        0.10113716125488281,
        0.4027843475341797,
        0.0,
        0.10113716125488281,
        0.10442733764648438,
        0.10128021240234375,
        0.0,
        0.0,
        0.20017623901367188,
        0.0,
        0.0
    ],
    "network_latency": [
        1650.146484375,
        1650.146484375,
        1650.146484375,
        1650.146484375,
        1650.146484375,
        1650.146484375,
        1650.146484375,
        1650.146484375,
        1650.146484375,
        1650.146484375,
        1650.146484375,
        1650.146484375,
        1650.146484375,
        1650.146484375,
        1650.146484375,
        1650.146484375,
        1650.146484375,
        1650.146484375,
        1650.146484375,
        1650.146484375
    ],
    "local_accuracies": {
        "Edge Server 1": 94.5,
        "Edge Server 2": 100.0,
        "Edge Server 3": 96.5,
        "Edge Server 4": 98.0,
        "Edge Server 5": 100.0
    },
    "client_sample_counts": {
        "Edge Server 1": 1000,
        "Edge Server 2": 1000,
        "Edge Server 3": 1000,
        "Edge Server 4": 1000,
        "Edge Server 5": 1000
    },
    "total_energy": 103.21584582328796,
    "total_time": 20.643169164657593,
    "metrics": {
        "avg_enc": 0.7530069351196289,
        "avg_data_enc": 0.12097597122192383,
        "avg_network": 1650.146484375
    }
}